Season,Age_adv,Tm_adv,Lg_adv,Pos_adv,G_adv,MP_adv,PER,TS%,3PAr,FTr,ORB%,DRB%,TRB%,AST%,STL%,BLK%,TOV%,USG%,OWS,DWS,WS,WS/48,OBPM,DBPM,BPM,VORP,Player,RSorPO_adv,Age_pg,Tm_pg,Lg_pg,Pos_pg,G_pg,GS,MP_pg,FG,FGA,FG%,3P,3PA,3P%,2P,2PA,2P%,eFG%,FT,FTA,FT%,ORB,DRB,TRB,AST,STL,BLK,TOV,PF,PTS,RSorPO_pg
2003-04,19,CLE,NBA,SG,79,3122,18.3,0.488,0.145,0.308,3.5,11.8,7.6,27.8,2.2,1.3,13.9,28.2,2.4,2.6,5.1,0.078,2.2,-0.2,1.9,3.1,Lebron James,Regular Season,19,CLE,NBA,SG,79,79,39.5,7.9,18.9,0.42,0.8,2.7,0.3,7.1,16.1,0.438,0.438,4.4,5.8,0.76,1.3,4.2,5.5,5.9,1.6,0.7,3.5,1.9,20.9,Regular Season
2004-05,20,CLE,NBA,SF,80,3388,25.7,0.554,0.183,0.378,3.8,17.0,10.2,32.9,2.8,1.1,11.8,29.7,9.7,4.6,14.3,0.203,6.9,1.5,8.3,8.8,Lebron James,Regular Season,20,CLE,NBA,SF,80,80,42.4,9.9,21.1,0.47,1.4,3.9,0.36,8.6,17.2,0.499,0.504,6.0,8.0,0.75,1.4,6.0,7.4,7.2,2.2,0.7,3.3,1.8,27.2,Regular Season
2005-06,21,CLE,NBA,SF,79,3361,28.1,0.568,0.208,0.447,2.6,17.1,9.8,32.8,2.0,1.5,10.7,33.6,12.0,4.3,16.3,0.232,7.9,1.4,9.3,9.5,Lebron James,Regular Season,21,CLE,NBA,SF,79,79,42.5,11.1,23.1,0.48,1.6,4.8,0.33,9.5,18.3,0.518,0.515,7.6,10.3,0.74,0.9,6.1,7.0,6.6,1.6,0.8,3.3,2.3,31.4,Regular Season
2005-06,21,CLE,NBA,SF,79,3361,28.1,0.568,0.208,0.447,2.6,17.1,9.8,32.8,2.0,1.5,10.7,33.6,12.0,4.3,16.3,0.232,7.9,1.4,9.3,9.5,Lebron James,Regular Season,21,CLE,NBA,SF,13,13,46.5,11.2,23.6,0.47,1.6,4.8,0.33,9.6,18.8,0.512,0.51,6.7,9.1,0.74,1.7,6.4,8.1,5.8,1.4,0.7,5.0,3.4,30.8,Playoffs
2005-06,21,CLE,NBA,SF,13,604,23.2,0.557,0.205,0.384,4.4,16.2,10.3,28.1,1.7,1.3,15.3,33.5,1.0,0.7,1.7,0.135,5.2,2.1,7.3,1.4,Lebron James,Playoffs,21,CLE,NBA,SF,79,79,42.5,11.1,23.1,0.48,1.6,4.8,0.33,9.5,18.3,0.518,0.515,7.6,10.3,0.74,0.9,6.1,7.0,6.6,1.6,0.8,3.3,2.3,31.4,Regular Season
2005-06,21,CLE,NBA,SF,13,604,23.2,0.557,0.205,0.384,4.4,16.2,10.3,28.1,1.7,1.3,15.3,33.5,1.0,0.7,1.7,0.135,5.2,2.1,7.3,1.4,Lebron James,Playoffs,21,CLE,NBA,SF,13,13,46.5,11.2,23.6,0.47,1.6,4.8,0.33,9.6,18.8,0.512,0.51,6.7,9.1,0.74,1.7,6.4,8.1,5.8,1.4,0.7,5.0,3.4,30.8,Playoffs
2006-07,22,CLE,NBA,SF,78,3190,24.5,0.552,0.191,0.432,3.0,16.6,9.6,29.1,2.1,1.3,11.5,31.0,8.0,5.7,13.7,0.206,5.4,2.0,7.4,7.6,Lebron James,Regular Season,22,CLE,NBA,SF,78,78,40.9,9.9,20.8,0.48,1.3,4.0,0.32,8.6,16.8,0.513,0.507,6.3,9.0,0.7,1.1,5.7,6.7,6.0,1.6,0.7,3.2,2.2,27.3,Regular Season
2006-07,22,CLE,NBA,SF,78,3190,24.5,0.552,0.191,0.432,3.0,16.6,9.6,29.1,2.1,1.3,11.5,31.0,8.0,5.7,13.7,0.206,5.4,2.0,7.4,7.6,Lebron James,Regular Season,22,CLE,NBA,SF,20,20,44.7,8.3,20.0,0.42,1.1,3.8,0.29,7.3,16.2,0.448,0.442,7.4,9.8,0.76,1.3,6.8,8.1,8.0,1.7,0.5,3.3,2.0,25.1,Playoffs
2006-07,22,CLE,NBA,SF,20,893,23.9,0.516,0.188,0.491,3.4,17.9,10.6,37.4,2.1,1.0,12.0,29.7,2.1,1.6,3.7,0.2,6.3,2.2,8.5,2.4,Lebron James,Playoffs,22,CLE,NBA,SF,78,78,40.9,9.9,20.8,0.48,1.3,4.0,0.32,8.6,16.8,0.513,0.507,6.3,9.0,0.7,1.1,5.7,6.7,6.0,1.6,0.7,3.2,2.2,27.3,Regular Season
2006-07,22,CLE,NBA,SF,20,893,23.9,0.516,0.188,0.491,3.4,17.9,10.6,37.4,2.1,1.0,12.0,29.7,2.1,1.6,3.7,0.2,6.3,2.2,8.5,2.4,Lebron James,Playoffs,22,CLE,NBA,SF,20,20,44.7,8.3,20.0,0.42,1.1,3.8,0.29,7.3,16.2,0.448,0.442,7.4,9.8,0.76,1.3,6.8,8.1,8.0,1.7,0.5,3.3,2.0,25.1,Playoffs
2007-08,23,CLE,NBA,SF,75,3027,29.1,0.568,0.219,0.47,4.9,17.8,11.1,37.3,2.4,2.1,11.4,33.5,10.7,4.6,15.2,0.242,9.0,2.3,11.2,10.1,Lebron James,Regular Season,23,CLE,NBA,SF,75,74,40.4,10.6,21.9,0.48,1.5,4.8,0.31,9.1,17.1,0.531,0.518,7.3,10.3,0.71,1.8,6.1,7.9,7.2,1.8,1.1,3.4,2.2,30.0,Regular Season
2007-08,23,CLE,NBA,SF,75,3027,29.1,0.568,0.219,0.47,4.9,17.8,11.1,37.3,2.4,2.1,11.4,33.5,10.7,4.6,15.2,0.242,9.0,2.3,11.2,10.1,Lebron James,Regular Season,23,CLE,NBA,SF,13,13,42.5,8.7,21.2,0.41,1.4,5.4,0.26,7.3,15.8,0.463,0.444,9.4,12.8,0.73,1.2,6.6,7.8,7.6,1.8,1.3,4.2,2.5,28.2,Playoffs
2007-08,23,CLE,NBA,SF,13,552,24.3,0.525,0.255,0.607,3.4,19.3,11.2,40.5,2.3,2.6,13.4,34.7,1.0,1.2,2.2,0.187,7.0,4.3,11.3,1.9,Lebron James,Playoffs,23,CLE,NBA,SF,75,74,40.4,10.6,21.9,0.48,1.5,4.8,0.31,9.1,17.1,0.531,0.518,7.3,10.3,0.71,1.8,6.1,7.9,7.2,1.8,1.1,3.4,2.2,30.0,Regular Season
2007-08,23,CLE,NBA,SF,13,552,24.3,0.525,0.255,0.607,3.4,19.3,11.2,40.5,2.3,2.6,13.4,34.7,1.0,1.2,2.2,0.187,7.0,4.3,11.3,1.9,Lebron James,Playoffs,23,CLE,NBA,SF,13,13,42.5,8.7,21.2,0.41,1.4,5.4,0.26,7.3,15.8,0.463,0.444,9.4,12.8,0.73,1.2,6.6,7.8,7.6,1.8,1.3,4.2,2.5,28.2,Playoffs
2008-09,24,CLE,NBA,SF,81,3054,31.7,0.591,0.238,0.472,4.3,19.0,11.9,38.0,2.4,2.4,11.0,33.8,13.7,6.5,20.3,0.318,9.4,3.6,13.0,11.6,Lebron James,Regular Season,24,CLE,NBA,SF,81,81,37.7,9.7,19.9,0.49,1.6,4.7,0.34,8.1,15.2,0.535,0.53,7.3,9.4,0.78,1.3,6.3,7.6,7.2,1.7,1.1,3.0,1.7,28.4,Regular Season
2008-09,24,CLE,NBA,SF,81,3054,31.7,0.591,0.238,0.472,4.3,19.0,11.9,38.0,2.4,2.4,11.0,33.8,13.7,6.5,20.3,0.318,9.4,3.6,13.0,11.6,Lebron James,Regular Season,24,CLE,NBA,SF,14,14,41.4,11.4,22.3,0.51,1.9,5.8,0.33,9.4,16.5,0.571,0.553,10.6,14.2,0.75,1.4,7.8,9.1,7.3,1.6,0.9,2.7,2.1,35.3,Playoffs
2008-09,24,CLE,NBA,SF,14,580,37.4,0.618,0.26,0.638,4.3,23.6,14.2,39.5,2.2,1.8,8.7,36.4,3.7,1.1,4.8,0.399,14.8,3.4,18.2,2.9,Lebron James,Playoffs,24,CLE,NBA,SF,81,81,37.7,9.7,19.9,0.49,1.6,4.7,0.34,8.1,15.2,0.535,0.53,7.3,9.4,0.78,1.3,6.3,7.6,7.2,1.7,1.1,3.0,1.7,28.4,Regular Season
2008-09,24,CLE,NBA,SF,14,580,37.4,0.618,0.26,0.638,4.3,23.6,14.2,39.5,2.2,1.8,8.7,36.4,3.7,1.1,4.8,0.399,14.8,3.4,18.2,2.9,Lebron James,Playoffs,24,CLE,NBA,SF,14,14,41.4,11.4,22.3,0.51,1.9,5.8,0.33,9.4,16.5,0.571,0.553,10.6,14.2,0.75,1.4,7.8,9.1,7.3,1.6,0.9,2.7,2.1,35.3,Playoffs
2009-10,25,CLE,NBA,SF,76,2966,31.1,0.604,0.253,0.506,3.0,18.5,11.1,41.8,2.2,2.0,12.3,33.5,13.3,5.2,18.5,0.299,9.7,2.8,12.5,10.9,Lebron James,Regular Season,25,CLE,NBA,SF,76,76,39.0,10.1,20.1,0.5,1.7,5.1,0.33,8.4,15.0,0.56,0.545,7.8,10.2,0.76,0.9,6.4,7.3,8.6,1.6,1.0,3.4,1.6,29.7,Regular Season
2009-10,25,CLE,NBA,SF,76,2966,31.1,0.604,0.253,0.506,3.0,18.5,11.1,41.8,2.2,2.0,12.3,33.5,13.3,5.2,18.5,0.299,9.7,2.8,12.5,10.9,Lebron James,Regular Season,25,CLE,NBA,SF,11,11,41.8,9.6,19.2,0.5,1.8,4.5,0.4,7.8,14.6,0.534,0.55,8.0,10.9,0.73,1.4,7.9,9.3,7.6,1.7,1.8,3.8,2.1,29.1,Playoffs
2009-10,25,CLE,NBA,SF,11,460,28.6,0.607,0.237,0.569,4.0,22.1,13.3,36.8,2.1,3.0,13.7,30.9,1.5,0.8,2.3,0.242,7.5,3.7,11.2,1.5,Lebron James,Playoffs,25,CLE,NBA,SF,76,76,39.0,10.1,20.1,0.5,1.7,5.1,0.33,8.4,15.0,0.56,0.545,7.8,10.2,0.76,0.9,6.4,7.3,8.6,1.6,1.0,3.4,1.6,29.7,Regular Season
2009-10,25,CLE,NBA,SF,11,460,28.6,0.607,0.237,0.569,4.0,22.1,13.3,36.8,2.1,3.0,13.7,30.9,1.5,0.8,2.3,0.242,7.5,3.7,11.2,1.5,Lebron James,Playoffs,25,CLE,NBA,SF,11,11,41.8,9.6,19.2,0.5,1.8,4.5,0.4,7.8,14.6,0.534,0.55,8.0,10.9,0.73,1.4,7.9,9.3,7.6,1.7,1.8,3.8,2.1,29.1,Playoffs
2010-11,26,MIA,NBA,SF,79,3063,27.3,0.594,0.188,0.446,3.3,18.7,11.4,34.9,2.1,1.3,13.8,31.5,10.3,5.3,15.6,0.244,6.5,2.1,8.6,8.2,Lebron James,Regular Season,26,MIA,NBA,SF,79,79,38.8,9.6,18.8,0.51,1.2,3.5,0.34,8.4,15.3,0.552,0.541,6.4,8.4,0.76,1.0,6.5,7.5,7.0,1.6,0.6,3.6,2.1,26.7,Regular Season
2010-11,26,MIA,NBA,SF,79,3063,27.3,0.594,0.188,0.446,3.3,18.7,11.4,34.9,2.1,1.3,13.8,31.5,10.3,5.3,15.6,0.244,6.5,2.1,8.6,8.2,Lebron James,Regular Season,26,MIA,NBA,SF,21,21,43.9,8.3,17.8,0.47,1.4,4.0,0.35,6.9,13.7,0.5,0.507,5.7,7.4,0.77,1.6,6.8,8.4,5.9,1.7,1.2,3.1,2.7,23.7,Playoffs
2010-11,26,MIA,NBA,SF,21,922,23.7,0.563,0.228,0.418,4.6,18.2,11.6,27.6,2.1,2.2,13.0,26.9,2.4,1.4,3.8,0.198,5.0,2.8,7.8,2.3,Lebron James,Playoffs,26,MIA,NBA,SF,79,79,38.8,9.6,18.8,0.51,1.2,3.5,0.34,8.4,15.3,0.552,0.541,6.4,8.4,0.76,1.0,6.5,7.5,7.0,1.6,0.6,3.6,2.1,26.7,Regular Season
2010-11,26,MIA,NBA,SF,21,922,23.7,0.563,0.228,0.418,4.6,18.2,11.6,27.6,2.1,2.2,13.0,26.9,2.4,1.4,3.8,0.198,5.0,2.8,7.8,2.3,Lebron James,Playoffs,26,MIA,NBA,SF,21,21,43.9,8.3,17.8,0.47,1.4,4.0,0.35,6.9,13.7,0.5,0.507,5.7,7.4,0.77,1.6,6.8,8.4,5.9,1.7,1.2,3.1,2.7,23.7,Playoffs
2011-12,27,MIA,NBA,SF,62,2326,30.7,0.605,0.127,0.429,5.0,19.7,12.6,33.6,2.6,1.7,13.3,32.0,10.0,4.5,14.5,0.298,8.3,2.7,11.0,7.6,Lebron James,Regular Season,27,MIA,NBA,SF,62,62,37.5,10.0,18.9,0.53,0.9,2.4,0.38,9.1,16.5,0.556,0.554,6.2,8.1,0.77,1.5,6.4,7.9,6.2,1.9,0.8,3.4,1.5,27.1,Regular Season
2011-12,27,MIA,NBA,SF,62,2326,30.7,0.605,0.127,0.429,5.0,19.7,12.6,33.6,2.6,1.7,13.3,32.0,10.0,4.5,14.5,0.298,8.3,2.7,11.0,7.6,Lebron James,Regular Season,27,MIA,NBA,SF,23,23,42.7,10.9,21.8,0.5,1.0,3.7,0.27,10.0,18.1,0.549,0.522,7.5,10.2,0.74,2.3,7.4,9.7,5.6,1.9,0.7,3.5,2.0,30.3,Playoffs
2011-12,27,MIA,NBA,SF,23,983,30.3,0.576,0.169,0.466,6.8,20.5,13.8,28.1,2.4,1.3,11.8,33.4,4.2,1.6,5.8,0.284,8.1,2.8,11.0,3.2,Lebron James,Playoffs,27,MIA,NBA,SF,62,62,37.5,10.0,18.9,0.53,0.9,2.4,0.38,9.1,16.5,0.556,0.554,6.2,8.1,0.77,1.5,6.4,7.9,6.2,1.9,0.8,3.4,1.5,27.1,Regular Season
2011-12,27,MIA,NBA,SF,23,983,30.3,0.576,0.169,0.466,6.8,20.5,13.8,28.1,2.4,1.3,11.8,33.4,4.2,1.6,5.8,0.284,8.1,2.8,11.0,3.2,Lebron James,Playoffs,27,MIA,NBA,SF,23,23,42.7,10.9,21.8,0.5,1.0,3.7,0.27,10.0,18.1,0.549,0.522,7.5,10.2,0.74,2.3,7.4,9.7,5.6,1.9,0.7,3.5,2.0,30.3,Playoffs
2012-13,28,MIA,NBA,PF,76,2877,31.6,0.64,0.188,0.395,4.4,20.8,13.1,36.4,2.4,1.9,12.4,30.2,14.6,4.7,19.3,0.322,9.2,2.4,11.6,9.8,Lebron James,Regular Season,28,MIA,NBA,PF,76,76,37.9,10.1,17.8,0.57,1.4,3.3,0.42,8.7,14.5,0.602,0.603,5.3,7.0,0.76,1.3,6.8,8.0,7.3,1.7,0.9,3.0,1.4,26.8,Regular Season
2012-13,28,MIA,NBA,PF,76,2877,31.6,0.64,0.188,0.395,4.4,20.8,13.1,36.4,2.4,1.9,12.4,30.2,14.6,4.7,19.3,0.322,9.2,2.4,11.6,9.8,Lebron James,Regular Season,28,MIA,NBA,PF,23,23,41.7,9.2,18.8,0.49,1.6,4.2,0.38,7.7,14.6,0.524,0.532,5.9,7.6,0.78,1.6,6.8,8.4,6.6,1.8,0.8,3.0,1.9,25.9,Playoffs
2012-13,28,MIA,NBA,PF,23,960,28.1,0.585,0.222,0.405,4.8,19.7,12.4,30.5,2.3,1.6,12.1,29.2,3.7,1.5,5.2,0.26,7.3,2.9,10.2,2.9,Lebron James,Playoffs,28,MIA,NBA,PF,76,76,37.9,10.1,17.8,0.57,1.4,3.3,0.42,8.7,14.5,0.602,0.603,5.3,7.0,0.76,1.3,6.8,8.0,7.3,1.7,0.9,3.0,1.4,26.8,Regular Season
2012-13,28,MIA,NBA,PF,23,960,28.1,0.585,0.222,0.405,4.8,19.7,12.4,30.5,2.3,1.6,12.1,29.2,3.7,1.5,5.2,0.26,7.3,2.9,10.2,2.9,Lebron James,Playoffs,28,MIA,NBA,PF,23,23,41.7,9.2,18.8,0.49,1.6,4.2,0.38,7.7,14.6,0.524,0.532,5.9,7.6,0.78,1.6,6.8,8.4,6.6,1.8,0.8,3.0,1.9,25.9,Playoffs
2013-14,29,MIA,NBA,PF,77,2902,29.3,0.649,0.226,0.432,3.6,18.9,11.5,32.0,2.2,0.8,14.4,31.0,12.3,3.7,15.9,0.264,8.0,0.9,8.9,8.0,Lebron James,Regular Season,29,MIA,NBA,PF,77,77,37.7,10.0,17.6,0.57,1.5,4.0,0.38,8.5,13.6,0.622,0.61,5.7,7.6,0.75,1.1,5.9,6.9,6.3,1.6,0.3,3.5,1.6,27.1,Regular Season
2013-14,29,MIA,NBA,PF,77,2902,29.3,0.649,0.226,0.432,3.6,18.9,11.5,32.0,2.2,0.8,14.4,31.0,12.3,3.7,15.9,0.264,8.0,0.9,8.9,8.0,Lebron James,Regular Season,29,MIA,NBA,PF,20,20,38.2,9.6,17.0,0.56,1.8,4.3,0.42,7.9,12.7,0.618,0.616,6.5,8.0,0.81,0.7,6.4,7.1,4.8,1.8,0.6,3.1,2.3,27.4,Playoffs
2013-14,29,MIA,NBA,PF,20,763,31.1,0.668,0.253,0.471,2.5,21.4,12.3,25.6,2.7,1.4,12.9,31.6,3.4,0.9,4.3,0.27,7.5,2.9,10.4,2.4,Lebron James,Playoffs,29,MIA,NBA,PF,77,77,37.7,10.0,17.6,0.57,1.5,4.0,0.38,8.5,13.6,0.622,0.61,5.7,7.6,0.75,1.1,5.9,6.9,6.3,1.6,0.3,3.5,1.6,27.1,Regular Season
2013-14,29,MIA,NBA,PF,20,763,31.1,0.668,0.253,0.471,2.5,21.4,12.3,25.6,2.7,1.4,12.9,31.6,3.4,0.9,4.3,0.27,7.5,2.9,10.4,2.4,Lebron James,Playoffs,29,MIA,NBA,PF,20,20,38.2,9.6,17.0,0.56,1.8,4.3,0.42,7.9,12.7,0.618,0.616,6.5,8.0,0.81,0.7,6.4,7.1,4.8,1.8,0.6,3.1,2.3,27.4,Playoffs
2014-15,30,CLE,NBA,SF,69,2493,25.9,0.577,0.265,0.413,2.4,16.6,9.6,38.6,2.3,1.6,15.3,32.3,7.4,2.9,10.4,0.199,6.2,1.2,7.4,5.9,Lebron James,Regular Season,30,CLE,NBA,SF,69,69,36.1,9.0,18.5,0.49,1.7,4.9,0.35,7.3,13.6,0.536,0.535,5.4,7.7,0.7,0.7,5.3,6.0,7.4,1.6,0.7,3.9,2.0,25.3,Regular Season
2014-15,30,CLE,NBA,SF,69,2493,25.9,0.577,0.265,0.413,2.4,16.6,9.6,38.6,2.3,1.6,15.3,32.3,7.4,2.9,10.4,0.199,6.2,1.2,7.4,5.9,Lebron James,Regular Season,30,CLE,NBA,SF,20,20,42.2,11.4,27.2,0.42,1.3,5.5,0.24,10.1,21.7,0.465,0.44,6.1,8.4,0.73,1.9,9.5,11.3,8.5,1.7,1.1,4.1,2.9,30.1,Playoffs
2014-15,30,CLE,NBA,SF,20,844,25.3,0.487,0.202,0.307,4.9,24.3,14.7,45.2,2.1,2.1,11.7,37.6,1.6,1.5,3.0,0.173,5.9,5.1,11.0,2.7,Lebron James,Playoffs,30,CLE,NBA,SF,69,69,36.1,9.0,18.5,0.49,1.7,4.9,0.35,7.3,13.6,0.536,0.535,5.4,7.7,0.7,0.7,5.3,6.0,7.4,1.6,0.7,3.9,2.0,25.3,Regular Season
2014-15,30,CLE,NBA,SF,20,844,25.3,0.487,0.202,0.307,4.9,24.3,14.7,45.2,2.1,2.1,11.7,37.6,1.6,1.5,3.0,0.173,5.9,5.1,11.0,2.7,Lebron James,Playoffs,30,CLE,NBA,SF,20,20,42.2,11.4,27.2,0.42,1.3,5.5,0.24,10.1,21.7,0.465,0.44,6.1,8.4,0.73,1.9,9.5,11.3,8.5,1.7,1.1,4.1,2.9,30.1,Playoffs
2015-16,31,CLE,NBA,SF,76,2709,27.5,0.588,0.199,0.347,4.7,18.8,11.8,36.0,2.0,1.5,13.2,31.4,9.6,4.0,13.6,0.242,6.9,2.3,9.1,7.6,Lebron James,Regular Season,31,CLE,NBA,SF,76,76,35.6,9.7,18.6,0.52,1.1,3.7,0.3,8.6,14.9,0.573,0.551,4.7,6.5,0.72,1.5,6.0,7.4,6.8,1.4,0.6,3.3,1.9,25.3,Regular Season
2015-16,31,CLE,NBA,SF,76,2709,27.5,0.588,0.199,0.347,4.7,18.8,11.8,36.0,2.0,1.5,13.2,31.4,9.6,4.0,13.6,0.242,6.9,2.3,9.1,7.6,Lebron James,Regular Season,31,CLE,NBA,SF,21,21,39.1,10.4,19.9,0.52,1.5,4.5,0.33,8.9,15.4,0.579,0.564,3.9,5.9,0.66,2.0,7.5,9.5,7.6,2.3,1.3,3.6,2.6,26.3,Playoffs
2015-16,31,CLE,NBA,SF,21,822,30.0,0.585,0.225,0.297,6.1,22.4,14.4,36.6,3.2,3.2,13.7,30.7,3.2,1.5,4.7,0.274,7.3,5.8,13.1,3.1,Lebron James,Playoffs,31,CLE,NBA,SF,76,76,35.6,9.7,18.6,0.52,1.1,3.7,0.3,8.6,14.9,0.573,0.551,4.7,6.5,0.72,1.5,6.0,7.4,6.8,1.4,0.6,3.3,1.9,25.3,Regular Season
2015-16,31,CLE,NBA,SF,21,822,30.0,0.585,0.225,0.297,6.1,22.4,14.4,36.6,3.2,3.2,13.7,30.7,3.2,1.5,4.7,0.274,7.3,5.8,13.1,3.1,Lebron James,Playoffs,31,CLE,NBA,SF,21,21,39.1,10.4,19.9,0.52,1.5,4.5,0.33,8.9,15.4,0.579,0.564,3.9,5.9,0.66,2.0,7.5,9.5,7.6,2.3,1.3,3.6,2.6,26.3,Playoffs
2016-17,32,CLE,NBA,SF,74,2794,27.0,0.619,0.254,0.395,4.0,20.7,12.6,41.3,1.6,1.3,16.1,30.0,9.8,3.0,12.9,0.221,6.8,1.6,8.4,7.3,Lebron James,Regular Season,32,CLE,NBA,SF,74,74,37.8,9.9,18.2,0.54,1.7,4.6,0.37,8.3,13.5,0.611,0.594,4.8,7.2,0.67,1.3,7.3,8.6,8.7,1.2,0.6,4.1,1.8,26.4,Regular Season
2016-17,32,CLE,NBA,SF,74,2794,27.0,0.619,0.254,0.395,4.0,20.7,12.6,41.3,1.6,1.3,16.1,30.0,9.8,3.0,12.9,0.221,6.8,1.6,8.4,7.3,Lebron James,Regular Season,32,CLE,NBA,SF,18,18,41.3,12.1,21.3,0.57,2.4,5.9,0.41,9.6,15.4,0.625,0.622,6.3,9.0,0.7,1.1,8.1,9.1,7.8,1.9,1.3,4.0,2.4,32.8,Playoffs
2016-17,32,CLE,NBA,SF,18,744,30.1,0.649,0.279,0.422,3.1,21.6,12.8,33.8,2.3,2.6,13.7,31.6,3.2,1.1,4.3,0.275,7.3,4.2,11.5,2.5,Lebron James,Playoffs,32,CLE,NBA,SF,74,74,37.8,9.9,18.2,0.54,1.7,4.6,0.37,8.3,13.5,0.611,0.594,4.8,7.2,0.67,1.3,7.3,8.6,8.7,1.2,0.6,4.1,1.8,26.4,Regular Season
2016-17,32,CLE,NBA,SF,18,744,30.1,0.649,0.279,0.422,3.1,21.6,12.8,33.8,2.3,2.6,13.7,31.6,3.2,1.1,4.3,0.275,7.3,4.2,11.5,2.5,Lebron James,Playoffs,32,CLE,NBA,SF,18,18,41.3,12.1,21.3,0.57,2.4,5.9,0.41,9.6,15.4,0.625,0.622,6.3,9.0,0.7,1.1,8.1,9.1,7.8,1.9,1.3,4.0,2.4,32.8,Playoffs
2017-18,33,CLE,NBA,PF,82,3026,28.6,0.621,0.257,0.336,3.7,22.3,13.1,44.4,1.9,2.0,16.1,31.6,11.0,3.0,14.0,0.221,7.6,2.0,9.6,8.9,Lebron James,Regular Season,33,CLE,NBA,PF,82,82,36.9,10.5,19.3,0.54,1.8,5.0,0.36,8.6,14.3,0.603,0.59,4.7,6.5,0.72,1.2,7.5,8.6,9.1,1.4,0.9,4.2,1.7,27.5,Regular Season
2017-18,33,CLE,NBA,PF,82,3026,28.6,0.621,0.257,0.336,3.7,22.3,13.1,44.4,1.9,2.0,16.1,31.6,11.0,3.0,14.0,0.221,7.6,2.0,9.6,8.9,Lebron James,Regular Season,33,CLE,NBA,PF,22,22,41.9,12.5,23.2,0.54,1.8,5.2,0.35,10.7,18.0,0.596,0.577,7.2,9.7,0.74,1.4,7.7,9.1,9.0,1.4,1.0,4.3,2.4,34.0,Playoffs
2017-18,33,CLE,NBA,PF,22,922,32.2,0.619,0.224,0.418,3.9,22.3,12.9,46.4,1.7,2.3,13.5,35.0,4.2,1.0,5.2,0.269,9.9,4.1,14.0,3.7,Lebron James,Playoffs,33,CLE,NBA,PF,82,82,36.9,10.5,19.3,0.54,1.8,5.0,0.36,8.6,14.3,0.603,0.59,4.7,6.5,0.72,1.2,7.5,8.6,9.1,1.4,0.9,4.2,1.7,27.5,Regular Season
2017-18,33,CLE,NBA,PF,22,922,32.2,0.619,0.224,0.418,3.9,22.3,12.9,46.4,1.7,2.3,13.5,35.0,4.2,1.0,5.2,0.269,9.9,4.1,14.0,3.7,Lebron James,Playoffs,33,CLE,NBA,PF,22,22,41.9,12.5,23.2,0.54,1.8,5.2,0.35,10.7,18.0,0.596,0.577,7.2,9.7,0.74,1.4,7.7,9.1,9.0,1.4,1.0,4.3,2.4,34.0,Playoffs
2018-19,34,LAL,NBA,SF,55,1937,25.6,0.588,0.299,0.382,3.1,21.3,12.4,39.4,1.7,1.4,13.3,31.6,4.7,2.6,7.2,0.179,6.2,1.9,8.1,4.9,Lebron James,Regular Season,34,LAL,NBA,SF,55,55,35.2,10.1,19.9,0.51,2.0,5.9,0.34,8.1,14.0,0.582,0.56,5.1,7.6,0.67,1.0,7.4,8.5,8.3,1.3,0.6,3.6,1.7,27.4,Regular Season
1984-85,21,CHI,NBA,SG,82,3144,25.8,0.592,0.032,0.459,6.3,13.2,9.8,25.3,3.0,1.3,13.0,29.8,10.3,3.7,14.0,0.213,6.8,1.4,8.2,8.1,Michael Jordan,Regular Season,21,CHI,NBA,SG,82,82,38.3,10.2,19.8,0.52,0.1,0.6,0.17,10.1,19.2,0.526,0.518,7.7,9.1,0.85,2.0,4.5,6.5,5.9,2.4,0.8,3.5,3.5,28.2,Regular Season
1984-85,21,CHI,NBA,SG,82,3144,25.8,0.592,0.032,0.459,6.3,13.2,9.8,25.3,3.0,1.3,13.0,29.8,10.3,3.7,14.0,0.213,6.8,1.4,8.2,8.1,Michael Jordan,Regular Season,21,CHI,NBA,SG,4,4,42.8,8.5,19.5,0.44,0.3,2.0,0.15,8.3,17.5,0.471,0.442,12.0,14.5,0.83,1.8,4.0,5.8,8.5,2.8,1.0,3.8,3.8,29.3,Playoffs
1984-85,21,CHI,NBA,SG,4,171,24.7,0.565,0.103,0.744,4.7,12.6,8.4,31.3,3.2,1.5,12.7,28.7,0.6,0.1,0.7,0.198,4.9,3.3,8.2,0.4,Michael Jordan,Playoffs,21,CHI,NBA,SG,82,82,38.3,10.2,19.8,0.52,0.1,0.6,0.17,10.1,19.2,0.526,0.518,7.7,9.1,0.85,2.0,4.5,6.5,5.9,2.4,0.8,3.5,3.5,28.2,Regular Season
1984-85,21,CHI,NBA,SG,4,171,24.7,0.565,0.103,0.744,4.7,12.6,8.4,31.3,3.2,1.5,12.7,28.7,0.6,0.1,0.7,0.198,4.9,3.3,8.2,0.4,Michael Jordan,Playoffs,21,CHI,NBA,SG,4,4,42.8,8.5,19.5,0.44,0.3,2.0,0.15,8.3,17.5,0.471,0.442,12.0,14.5,0.83,1.8,4.0,5.8,8.5,2.8,1.0,3.8,3.8,29.3,Playoffs
1985-86,22,CHI,NBA,SG,18,451,27.5,0.533,0.055,0.381,5.6,10.7,8.0,21.7,3.9,2.7,10.5,38.6,1.0,0.5,1.5,0.16,5.1,-0.5,4.7,0.8,Michael Jordan,Regular Season,22,CHI,NBA,SG,18,7,25.1,8.3,18.2,0.46,0.2,1.0,0.2,8.2,17.2,0.474,0.462,5.8,6.9,0.84,1.3,2.3,3.6,2.9,2.1,1.2,2.5,2.6,22.7,Regular Season
1985-86,22,CHI,NBA,SG,18,451,27.5,0.533,0.055,0.381,5.6,10.7,8.0,21.7,3.9,2.7,10.5,38.6,1.0,0.5,1.5,0.16,5.1,-0.5,4.7,0.8,Michael Jordan,Regular Season,22,CHI,NBA,SG,3,3,45.0,16.0,31.7,0.5,0.3,0.3,1.0,15.7,31.3,0.5,0.511,11.3,13.0,0.87,1.7,4.7,6.3,5.7,2.3,1.3,4.7,4.3,43.7,Playoffs
1985-86,22,CHI,NBA,SG,3,135,30.1,0.584,0.011,0.411,4.0,13.6,8.4,26.5,2.5,1.9,11.1,39.2,0.4,0.0,0.5,0.161,6.4,3.8,10.2,0.4,Michael Jordan,Playoffs,22,CHI,NBA,SG,18,7,25.1,8.3,18.2,0.46,0.2,1.0,0.2,8.2,17.2,0.474,0.462,5.8,6.9,0.84,1.3,2.3,3.6,2.9,2.1,1.2,2.5,2.6,22.7,Regular Season
1985-86,22,CHI,NBA,SG,3,135,30.1,0.584,0.011,0.411,4.0,13.6,8.4,26.5,2.5,1.9,11.1,39.2,0.4,0.0,0.5,0.161,6.4,3.8,10.2,0.4,Michael Jordan,Playoffs,22,CHI,NBA,SG,3,3,45.0,16.0,31.7,0.5,0.3,0.3,1.0,15.7,31.3,0.5,0.511,11.3,13.0,0.87,1.7,4.7,6.3,5.7,2.3,1.3,4.7,4.3,43.7,Playoffs
1986-87,23,CHI,NBA,SG,82,3281,29.8,0.562,0.029,0.427,5.6,9.3,7.4,22.2,3.6,2.3,9.1,38.3,11.9,5.0,16.9,0.247,8.0,0.6,8.6,8.8,Michael Jordan,Regular Season,23,CHI,NBA,SG,82,82,40.0,13.4,27.8,0.48,0.1,0.8,0.12,13.2,27.0,0.491,0.484,10.2,11.9,0.86,2.0,3.2,5.2,4.6,2.9,1.5,3.3,2.9,37.1,Regular Season
1986-87,23,CHI,NBA,SG,82,3281,29.8,0.562,0.029,0.427,5.6,9.3,7.4,22.2,3.6,2.3,9.1,38.3,11.9,5.0,16.9,0.247,8.0,0.6,8.6,8.8,Michael Jordan,Regular Season,23,CHI,NBA,SG,3,3,42.7,11.7,28.0,0.42,0.7,1.7,0.41,11.0,26.3,0.418,0.429,11.7,13.0,0.9,2.3,4.7,7.0,6.0,2.0,2.3,2.7,3.7,35.7,Playoffs
1986-87,23,CHI,NBA,SG,3,128,28.1,0.529,0.06,0.464,6.3,15.0,10.2,30.4,2.5,3.4,7.3,38.8,0.3,0.1,0.4,0.165,5.9,4.2,10.0,0.4,Michael Jordan,Playoffs,23,CHI,NBA,SG,82,82,40.0,13.4,27.8,0.48,0.1,0.8,0.12,13.2,27.0,0.491,0.484,10.2,11.9,0.86,2.0,3.2,5.2,4.6,2.9,1.5,3.3,2.9,37.1,Regular Season
1986-87,23,CHI,NBA,SG,3,128,28.1,0.529,0.06,0.464,6.3,15.0,10.2,30.4,2.5,3.4,7.3,38.8,0.3,0.1,0.4,0.165,5.9,4.2,10.0,0.4,Michael Jordan,Playoffs,23,CHI,NBA,SG,3,3,42.7,11.7,28.0,0.42,0.7,1.7,0.41,11.0,26.3,0.418,0.429,11.7,13.0,0.9,2.3,4.7,7.0,6.0,2.0,2.3,2.7,3.7,35.7,Playoffs
1987-88,24,CHI,NBA,SG,82,3311,31.7,0.603,0.027,0.43,4.8,10.7,7.8,27.0,3.9,2.4,9.6,34.1,15.2,6.1,21.2,0.308,9.8,2.3,12.2,11.8,Michael Jordan,Regular Season,24,CHI,NBA,SG,82,82,40.4,13.0,24.4,0.53,0.1,0.6,0.17,13.0,23.7,0.546,0.537,8.8,10.5,0.84,1.7,3.8,5.5,5.9,3.2,1.6,3.1,3.3,35.0,Regular Season
1987-88,24,CHI,NBA,SG,82,3311,31.7,0.603,0.027,0.43,4.8,10.7,7.8,27.0,3.9,2.4,9.6,34.1,15.2,6.1,21.2,0.308,9.8,2.3,12.2,11.8,Michael Jordan,Regular Season,24,CHI,NBA,SG,10,10,42.7,13.8,26.0,0.53,0.1,0.3,0.33,13.7,25.7,0.533,0.533,8.6,9.9,0.87,2.3,4.8,7.1,4.7,2.4,1.1,3.9,3.8,36.3,Playoffs
1987-88,24,CHI,NBA,SG,10,427,28.4,0.598,0.012,0.381,5.8,12.7,9.2,23.1,2.9,1.5,11.4,35.2,1.3,0.8,2.1,0.234,9.1,2.2,11.2,1.4,Michael Jordan,Playoffs,24,CHI,NBA,SG,82,82,40.4,13.0,24.4,0.53,0.1,0.6,0.17,13.0,23.7,0.546,0.537,8.8,10.5,0.84,1.7,3.8,5.5,5.9,3.2,1.6,3.1,3.3,35.0,Regular Season
1987-88,24,CHI,NBA,SG,10,427,28.4,0.598,0.012,0.381,5.8,12.7,9.2,23.1,2.9,1.5,11.4,35.2,1.3,0.8,2.1,0.234,9.1,2.2,11.2,1.4,Michael Jordan,Playoffs,24,CHI,NBA,SG,10,10,42.7,13.8,26.0,0.53,0.1,0.3,0.33,13.7,25.7,0.533,0.533,8.6,9.9,0.87,2.3,4.8,7.1,4.7,2.4,1.1,3.9,3.8,36.3,Playoffs
1988-89,25,CHI,NBA,SG,81,3255,31.1,0.614,0.055,0.442,5.5,17.3,11.6,34.7,3.6,1.2,11.9,32.1,14.6,5.2,19.8,0.292,9.8,2.7,12.6,12.0,Michael Jordan,Regular Season,25,CHI,NBA,SG,81,81,40.2,11.9,22.2,0.54,0.3,1.2,0.25,11.6,21.0,0.553,0.546,8.3,9.8,0.85,1.8,6.2,8.0,8.0,2.9,0.8,3.6,3.0,32.5,Regular Season
1988-89,25,CHI,NBA,SG,81,3255,31.1,0.614,0.055,0.442,5.5,17.3,11.6,34.7,3.6,1.2,11.9,32.1,14.6,5.2,19.8,0.292,9.8,2.7,12.6,12.0,Michael Jordan,Regular Season,25,CHI,NBA,SG,17,17,42.2,11.7,22.9,0.51,0.6,2.1,0.29,11.1,20.9,0.532,0.523,10.8,13.5,0.8,1.5,5.5,7.0,7.6,2.5,0.8,4.0,3.8,34.8,Playoffs
1988-89,25,CHI,NBA,SG,17,718,29.9,0.602,0.09,0.587,4.4,14.4,9.6,38.0,3.1,1.2,12.2,35.4,2.8,1.2,4.0,0.27,9.7,3.2,12.8,2.7,Michael Jordan,Playoffs,25,CHI,NBA,SG,81,81,40.2,11.9,22.2,0.54,0.3,1.2,0.25,11.6,21.0,0.553,0.546,8.3,9.8,0.85,1.8,6.2,8.0,8.0,2.9,0.8,3.6,3.0,32.5,Regular Season
1988-89,25,CHI,NBA,SG,17,718,29.9,0.602,0.09,0.587,4.4,14.4,9.6,38.0,3.1,1.2,12.2,35.4,2.8,1.2,4.0,0.27,9.7,3.2,12.8,2.7,Michael Jordan,Playoffs,25,CHI,NBA,SG,17,17,42.2,11.7,22.9,0.51,0.6,2.1,0.29,11.1,20.9,0.532,0.523,10.8,13.5,0.8,1.5,5.5,7.0,7.6,2.5,0.8,4.0,3.8,34.8,Playoffs
1989-90,26,CHI,NBA,SG,82,3197,31.2,0.606,0.125,0.356,5.3,15.6,10.4,28.6,3.5,1.1,9.8,33.7,14.7,4.3,19.0,0.285,9.7,0.8,10.6,10.1,Michael Jordan,Regular Season,26,CHI,NBA,SG,82,82,39.0,12.6,24.0,0.52,1.1,3.0,0.37,11.5,21.0,0.548,0.55,7.2,8.5,0.85,1.7,5.1,6.9,6.3,2.8,0.7,3.0,2.9,33.6,Regular Season
1989-90,26,CHI,NBA,SG,82,3197,31.2,0.606,0.125,0.356,5.3,15.6,10.4,28.6,3.5,1.1,9.8,33.7,14.7,4.3,19.0,0.285,9.7,0.8,10.6,10.1,Michael Jordan,Regular Season,26,CHI,NBA,SG,16,16,42.1,13.7,26.6,0.52,1.0,3.1,0.32,12.7,23.5,0.54,0.533,8.3,9.9,0.84,1.5,5.7,7.2,6.8,2.8,0.9,3.5,3.4,36.7,Playoffs
1989-90,26,CHI,NBA,SG,16,674,31.7,0.592,0.117,0.373,4.2,16.6,10.2,34.5,3.5,1.5,10.1,36.1,2.7,1.3,4.0,0.284,11.3,3.0,14.3,2.8,Michael Jordan,Playoffs,26,CHI,NBA,SG,82,82,39.0,12.6,24.0,0.52,1.1,3.0,0.37,11.5,21.0,0.548,0.55,7.2,8.5,0.85,1.7,5.1,6.9,6.3,2.8,0.7,3.0,2.9,33.6,Regular Season
1989-90,26,CHI,NBA,SG,16,674,31.7,0.592,0.117,0.373,4.2,16.6,10.2,34.5,3.5,1.5,10.1,36.1,2.7,1.3,4.0,0.284,11.3,3.0,14.3,2.8,Michael Jordan,Playoffs,26,CHI,NBA,SG,16,16,42.1,13.7,26.6,0.52,1.0,3.1,0.32,12.7,23.5,0.54,0.533,8.3,9.9,0.84,1.5,5.7,7.2,6.8,2.8,0.9,3.5,3.4,36.7,Playoffs
1990-91,27,CHI,NBA,SG,82,3034,31.6,0.605,0.051,0.365,4.6,14.3,9.5,25.2,3.7,1.7,8.7,32.9,14.9,5.4,20.3,0.321,8.9,1.8,10.8,9.8,Michael Jordan,Regular Season,27,CHI,NBA,SG,82,82,37.0,12.1,22.4,0.54,0.4,1.1,0.36,11.7,21.3,0.551,0.547,7.0,8.2,0.85,1.4,4.6,6.0,5.5,2.7,1.0,2.5,2.8,31.5,Regular Season
1990-91,27,CHI,NBA,SG,82,3034,31.6,0.605,0.051,0.365,4.6,14.3,9.5,25.2,3.7,1.7,8.7,32.9,14.9,5.4,20.3,0.321,8.9,1.8,10.8,9.8,Michael Jordan,Regular Season,27,CHI,NBA,SG,17,17,40.5,11.6,22.1,0.52,0.6,1.5,0.4,11.0,20.6,0.534,0.537,7.4,8.7,0.85,1.1,5.3,6.4,8.4,2.4,1.4,2.5,3.1,31.1,Playoffs
1990-91,27,CHI,NBA,SG,17,689,32.0,0.6,0.069,0.394,3.4,16.0,9.9,36.7,3.2,2.4,8.9,32.7,3.2,1.5,4.8,0.333,10.8,3.0,13.8,2.8,Michael Jordan,Playoffs,27,CHI,NBA,SG,82,82,37.0,12.1,22.4,0.54,0.4,1.1,0.36,11.7,21.3,0.551,0.547,7.0,8.2,0.85,1.4,4.6,6.0,5.5,2.7,1.0,2.5,2.8,31.5,Regular Season
1990-91,27,CHI,NBA,SG,17,689,32.0,0.6,0.069,0.394,3.4,16.0,9.9,36.7,3.2,2.4,8.9,32.7,3.2,1.5,4.8,0.333,10.8,3.0,13.8,2.8,Michael Jordan,Playoffs,27,CHI,NBA,SG,17,17,40.5,11.6,22.1,0.52,0.6,1.5,0.4,11.0,20.6,0.534,0.537,7.4,8.7,0.85,1.1,5.3,6.4,8.4,2.4,1.4,2.5,3.1,31.1,Playoffs
1991-92,28,CHI,NBA,SG,80,3102,27.7,0.579,0.055,0.325,3.5,15.3,9.5,25.7,3.0,1.5,8.8,31.7,12.1,5.6,17.7,0.274,6.9,1.7,8.6,8.3,Michael Jordan,Regular Season,28,CHI,NBA,SG,80,80,38.8,11.8,22.7,0.52,0.3,1.3,0.23,11.5,21.5,0.533,0.526,6.1,7.4,0.82,1.1,5.3,6.4,6.1,2.3,0.9,2.5,2.5,30.1,Regular Season
1991-92,28,CHI,NBA,SG,80,3102,27.7,0.579,0.055,0.325,3.5,15.3,9.5,25.7,3.0,1.5,8.8,31.7,12.1,5.6,17.7,0.274,6.9,1.7,8.6,8.3,Michael Jordan,Regular Season,28,CHI,NBA,SG,22,22,41.8,13.2,26.4,0.5,0.8,2.0,0.4,12.4,24.4,0.508,0.514,7.4,8.6,0.86,1.7,4.5,6.2,5.8,2.0,0.7,3.7,2.8,34.5,Playoffs
1991-92,28,CHI,NBA,SG,22,920,27.2,0.571,0.076,0.325,4.9,13.2,9.1,28.3,2.6,1.2,10.9,37.1,2.4,1.7,4.1,0.216,8.2,1.4,9.6,2.7,Michael Jordan,Playoffs,28,CHI,NBA,SG,80,80,38.8,11.8,22.7,0.52,0.3,1.3,0.23,11.5,21.5,0.533,0.526,6.1,7.4,0.82,1.1,5.3,6.4,6.1,2.3,0.9,2.5,2.5,30.1,Regular Season
1991-92,28,CHI,NBA,SG,22,920,27.2,0.571,0.076,0.325,4.9,13.2,9.1,28.3,2.6,1.2,10.9,37.1,2.4,1.7,4.1,0.216,8.2,1.4,9.6,2.7,Michael Jordan,Playoffs,28,CHI,NBA,SG,22,22,41.8,13.2,26.4,0.5,0.8,2.0,0.4,12.4,24.4,0.508,0.514,7.4,8.6,0.86,1.7,4.5,6.2,5.8,2.0,0.7,3.7,2.8,34.5,Playoffs
1992-93,29,CHI,NBA,SG,78,3067,29.7,0.564,0.115,0.284,4.9,15.1,9.8,25.2,3.7,1.3,8.4,34.7,12.0,5.2,17.2,0.27,8.3,1.2,9.5,8.9,Michael Jordan,Regular Season,29,CHI,NBA,SG,78,78,39.3,12.7,25.7,0.49,1.0,2.9,0.34,11.7,22.7,0.514,0.515,6.1,7.3,0.84,1.7,5.0,6.7,5.5,2.8,0.8,2.7,2.4,32.6,Regular Season
1992-93,29,CHI,NBA,SG,78,3067,29.7,0.564,0.115,0.284,4.9,15.1,9.8,25.2,3.7,1.3,8.4,34.7,12.0,5.2,17.2,0.27,8.3,1.2,9.5,8.9,Michael Jordan,Regular Season,29,CHI,NBA,SG,19,19,41.2,13.2,27.8,0.47,1.5,3.8,0.39,11.7,24.0,0.489,0.502,7.2,8.9,0.81,1.7,5.1,6.7,6.0,2.1,0.9,2.4,3.1,35.1,Playoffs
1992-93,29,CHI,NBA,SG,19,783,30.1,0.553,0.136,0.32,5.0,14.9,10.0,29.4,2.7,1.6,7.0,38.0,3.3,1.1,4.4,0.27,9.0,1.9,10.9,2.5,Michael Jordan,Playoffs,29,CHI,NBA,SG,78,78,39.3,12.7,25.7,0.49,1.0,2.9,0.34,11.7,22.7,0.514,0.515,6.1,7.3,0.84,1.7,5.0,6.7,5.5,2.8,0.8,2.7,2.4,32.6,Regular Season
1992-93,29,CHI,NBA,SG,19,783,30.1,0.553,0.136,0.32,5.0,14.9,10.0,29.4,2.7,1.6,7.0,38.0,3.3,1.1,4.4,0.27,9.0,1.9,10.9,2.5,Michael Jordan,Playoffs,29,CHI,NBA,SG,19,19,41.2,13.2,27.8,0.47,1.5,3.8,0.39,11.7,24.0,0.489,0.502,7.2,8.9,0.81,1.7,5.1,6.7,6.0,2.1,0.9,2.4,3.1,35.1,Playoffs
1994-95,31,CHI,NBA,SG,17,668,22.1,0.493,0.079,0.337,4.4,16.2,10.3,24.2,2.3,1.5,7.0,33.2,1.2,1.1,2.3,0.167,2.0,0.7,2.7,0.8,Michael Jordan,Regular Season,31,CHI,NBA,SG,17,17,39.3,9.8,23.8,0.41,0.9,1.9,0.47,8.8,21.9,0.403,0.431,6.4,8.0,0.8,1.5,5.4,6.9,5.3,1.8,0.8,2.1,2.8,26.9,Regular Season
1994-95,31,CHI,NBA,SG,17,668,22.1,0.493,0.079,0.337,4.4,16.2,10.3,24.2,2.3,1.5,7.0,33.2,1.2,1.1,2.3,0.167,2.0,0.7,2.7,0.8,Michael Jordan,Regular Season,31,CHI,NBA,SG,10,10,42.0,12.0,24.8,0.48,1.1,3.0,0.37,10.9,21.8,0.5,0.506,6.4,7.9,0.81,2.0,4.5,6.5,4.5,2.3,1.4,4.1,3.0,31.5,Playoffs
1994-95,31,CHI,NBA,SG,10,420,24.8,0.557,0.121,0.319,6.0,12.7,9.5,22.5,3.0,2.8,12.7,35.7,0.7,0.6,1.3,0.15,3.7,2.7,6.5,0.9,Michael Jordan,Playoffs,31,CHI,NBA,SG,17,17,39.3,9.8,23.8,0.41,0.9,1.9,0.47,8.8,21.9,0.403,0.431,6.4,8.0,0.8,1.5,5.4,6.9,5.3,1.8,0.8,2.1,2.8,26.9,Regular Season
1994-95,31,CHI,NBA,SG,10,420,24.8,0.557,0.121,0.319,6.0,12.7,9.5,22.5,3.0,2.8,12.7,35.7,0.7,0.6,1.3,0.15,3.7,2.7,6.5,0.9,Michael Jordan,Playoffs,31,CHI,NBA,SG,10,10,42.0,12.0,24.8,0.48,1.1,3.0,0.37,10.9,21.8,0.5,0.506,6.4,7.9,0.81,2.0,4.5,6.5,4.5,2.3,1.4,4.1,3.0,31.5,Playoffs
1995-96,32,CHI,NBA,SG,82,3090,29.4,0.582,0.141,0.355,5.6,14.9,10.2,21.2,3.1,1.0,8.4,33.3,14.2,6.2,20.4,0.317,7.2,1.4,8.6,8.3,Michael Jordan,Regular Season,32,CHI,NBA,SG,82,82,37.7,11.2,22.6,0.5,1.4,3.2,0.44,9.8,19.4,0.506,0.525,6.7,8.0,0.84,1.8,4.8,6.6,4.3,2.2,0.5,2.4,2.4,30.4,Regular Season
1995-96,32,CHI,NBA,SG,82,3090,29.4,0.582,0.141,0.355,5.6,14.9,10.2,21.2,3.1,1.0,8.4,33.3,14.2,6.2,20.4,0.317,7.2,1.4,8.6,8.3,Michael Jordan,Regular Season,32,CHI,NBA,SG,18,18,40.7,10.4,22.6,0.46,1.4,3.4,0.41,9.0,19.2,0.47,0.49,8.5,10.4,0.82,1.7,3.2,4.9,4.1,1.8,0.3,2.3,2.7,30.7,Playoffs
1995-96,32,CHI,NBA,SG,18,733,26.7,0.564,0.152,0.459,4.9,10.2,7.4,21.2,2.5,0.7,7.9,32.9,3.4,1.3,4.7,0.306,8.1,0.0,8.1,1.9,Michael Jordan,Playoffs,32,CHI,NBA,SG,82,82,37.7,11.2,22.6,0.5,1.4,3.2,0.44,9.8,19.4,0.506,0.525,6.7,8.0,0.84,1.8,4.8,6.6,4.3,2.2,0.5,2.4,2.4,30.4,Regular Season
1995-96,32,CHI,NBA,SG,18,733,26.7,0.564,0.152,0.459,4.9,10.2,7.4,21.2,2.5,0.7,7.9,32.9,3.4,1.3,4.7,0.306,8.1,0.0,8.1,1.9,Michael Jordan,Playoffs,32,CHI,NBA,SG,18,18,40.7,10.4,22.6,0.46,1.4,3.4,0.41,9.0,19.2,0.47,0.49,8.5,10.4,0.82,1.7,3.2,4.9,4.1,1.8,0.3,2.3,2.7,30.7,Playoffs
1996-97,33,CHI,NBA,SG,82,3106,27.8,0.567,0.157,0.304,4.2,13.2,8.8,21.2,2.4,1.1,7.2,33.2,13.3,5.0,18.3,0.283,6.5,0.2,6.7,6.8,Michael Jordan,Regular Season,33,CHI,NBA,SG,82,82,37.9,11.2,23.1,0.48,1.4,3.6,0.39,9.9,19.5,0.507,0.516,5.9,7.0,0.84,1.4,4.5,5.9,4.3,1.7,0.5,2.0,1.9,29.6,Regular Season
1996-97,33,CHI,NBA,SG,82,3106,27.8,0.567,0.157,0.304,4.2,13.2,8.8,21.2,2.4,1.1,7.2,33.2,13.3,5.0,18.3,0.283,6.5,0.2,6.7,6.8,Michael Jordan,Regular Season,33,CHI,NBA,SG,19,19,42.3,11.9,26.2,0.45,0.7,3.5,0.2,11.3,22.7,0.497,0.469,6.5,7.8,0.83,2.2,5.7,7.9,4.8,1.6,0.9,2.6,2.4,31.1,Playoffs
1996-97,33,CHI,NBA,SG,19,804,27.1,0.524,0.135,0.297,5.9,16.4,10.9,25.7,2.1,1.9,8.0,35.5,2.5,1.5,3.9,0.235,6.8,1.9,8.7,2.2,Michael Jordan,Playoffs,33,CHI,NBA,SG,82,82,37.9,11.2,23.1,0.48,1.4,3.6,0.39,9.9,19.5,0.507,0.516,5.9,7.0,0.84,1.4,4.5,5.9,4.3,1.7,0.5,2.0,1.9,29.6,Regular Season
1996-97,33,CHI,NBA,SG,19,804,27.1,0.524,0.135,0.297,5.9,16.4,10.9,25.7,2.1,1.9,8.0,35.5,2.5,1.5,3.9,0.235,6.8,1.9,8.7,2.2,Michael Jordan,Playoffs,33,CHI,NBA,SG,19,19,42.3,11.9,26.2,0.45,0.7,3.5,0.2,11.3,22.7,0.497,0.469,6.5,7.8,0.83,2.2,5.7,7.9,4.8,1.6,0.9,2.6,2.4,31.1,Playoffs
1997-98,34,CHI,NBA,SG,82,3181,25.2,0.533,0.067,0.381,4.7,12.5,8.5,18.0,2.4,1.0,7.7,33.7,10.4,5.4,15.8,0.238,4.6,0.0,4.6,5.3,Michael Jordan,Regular Season,34,CHI,NBA,SG,82,82,38.8,10.7,23.1,0.46,0.4,1.5,0.27,10.4,21.5,0.482,0.473,6.9,8.8,0.78,1.6,4.2,5.8,3.5,1.7,0.5,2.3,1.8,28.7,Regular Season
1997-98,34,CHI,NBA,SG,82,3181,25.2,0.533,0.067,0.381,4.7,12.5,8.5,18.0,2.4,1.0,7.7,33.7,10.4,5.4,15.8,0.238,4.6,0.0,4.6,5.3,Michael Jordan,Regular Season,34,CHI,NBA,SG,21,21,41.5,11.6,25.0,0.46,0.6,2.0,0.3,11.0,23.0,0.476,0.474,8.6,10.6,0.81,1.6,3.5,5.1,3.5,1.5,0.6,2.1,2.2,32.4,Playoffs
1997-98,34,CHI,NBA,SG,21,872,28.1,0.545,0.082,0.424,4.5,11.0,7.6,19.9,2.1,1.1,6.7,36.6,3.6,1.2,4.8,0.265,7.1,-0.9,6.2,1.8,Michael Jordan,Playoffs,34,CHI,NBA,SG,82,82,38.8,10.7,23.1,0.46,0.4,1.5,0.27,10.4,21.5,0.482,0.473,6.9,8.8,0.78,1.6,4.2,5.8,3.5,1.7,0.5,2.3,1.8,28.7,Regular Season
1997-98,34,CHI,NBA,SG,21,872,28.1,0.545,0.082,0.424,4.5,11.0,7.6,19.9,2.1,1.1,6.7,36.6,3.6,1.2,4.8,0.265,7.1,-0.9,6.2,1.8,Michael Jordan,Playoffs,34,CHI,NBA,SG,21,21,41.5,11.6,25.0,0.46,0.6,2.0,0.3,11.0,23.0,0.476,0.474,8.6,10.6,0.81,1.6,3.5,5.1,3.5,1.5,0.6,2.1,2.2,32.4,Playoffs
2001-02,38,WAS,NBA,SF,60,2093,20.7,0.468,0.04,0.252,2.7,16.3,9.4,30.8,2.2,0.9,9.9,36.0,1.2,2.1,3.3,0.075,2.3,0.1,2.4,2.4,Michael Jordan,Regular Season,38,WAS,NBA,SF,60,53,34.9,9.2,22.1,0.42,0.2,0.9,0.22,9.0,21.2,0.426,0.42,4.4,5.6,0.79,0.8,4.8,5.7,5.2,1.4,0.4,2.7,2.0,22.9,Regular Season
2002-03,39,WAS,NBA,SF,82,3031,19.3,0.491,0.036,0.212,2.8,16.7,9.7,21.1,2.2,1.0,9.4,28.7,2.9,3.4,6.2,0.099,0.9,0.1,1.0,2.3,Michael Jordan,Regular Season,39,WAS,NBA,SF,82,67,37.0,8.3,18.6,0.45,0.2,0.7,0.29,8.1,18.0,0.45,0.45,3.2,4.0,0.8,0.9,5.2,6.1,3.8,1.5,0.5,2.1,2.1,20.0,Regular Season
1996-97,18,LAL,NBA,SG,71,1103,14.4,0.544,0.322,0.393,4.9,8.7,6.8,13.8,2.3,1.6,18.5,24.7,0.5,1.3,1.8,0.079,-0.9,-0.8,-1.7,0.1,Kobe Bryant,Regular Season,18,LAL,NBA,SG,71,6,15.5,2.5,5.9,0.42,0.7,1.9,0.37,1.8,4.0,0.437,0.477,1.9,2.3,0.83,0.7,1.2,1.9,1.3,0.7,0.3,1.6,1.4,7.6,Regular Season
1996-97,18,LAL,NBA,SG,71,1103,14.4,0.544,0.322,0.393,4.9,8.7,6.8,13.8,2.3,1.6,18.5,24.7,0.5,1.3,1.8,0.079,-0.9,-0.8,-1.7,0.1,Kobe Bryant,Regular Season,18,LAL,NBA,SG,9,0,14.8,2.3,6.1,0.38,0.7,2.6,0.27,1.7,3.6,0.469,0.436,2.9,3.3,0.88,0.1,1.1,1.2,1.2,0.3,0.2,1.6,2.6,8.2,Playoffs
1996-97,18,LAL,NBA,SG,9,133,12.5,0.543,0.418,0.545,0.9,9.2,5.1,16.4,1.3,1.3,17.0,29.8,0.0,0.1,0.1,0.042,-1.2,-1.5,-2.8,0.0,Kobe Bryant,Playoffs,18,LAL,NBA,SG,71,6,15.5,2.5,5.9,0.42,0.7,1.9,0.37,1.8,4.0,0.437,0.477,1.9,2.3,0.83,0.7,1.2,1.9,1.3,0.7,0.3,1.6,1.4,7.6,Regular Season
1996-97,18,LAL,NBA,SG,9,133,12.5,0.543,0.418,0.545,0.9,9.2,5.1,16.4,1.3,1.3,17.0,29.8,0.0,0.1,0.1,0.042,-1.2,-1.5,-2.8,0.0,Kobe Bryant,Playoffs,18,LAL,NBA,SG,9,0,14.8,2.3,6.1,0.38,0.7,2.6,0.27,1.7,3.6,0.469,0.436,2.9,3.3,0.88,0.1,1.1,1.2,1.2,0.3,0.2,1.6,2.6,8.2,Playoffs
1997-98,19,LAL,NBA,SG,79,2056,18.5,0.548,0.241,0.501,4.5,8.7,6.7,16.0,1.8,1.3,12.4,27.2,4.5,1.8,6.3,0.147,1.9,-1.7,0.2,1.1,Kobe Bryant,Regular Season,19,LAL,NBA,SG,79,1,26.0,4.9,11.6,0.42,0.9,2.8,0.32,4.0,8.8,0.456,0.469,4.6,5.8,0.79,1.0,2.1,3.1,2.5,0.9,0.5,2.0,2.3,15.4,Regular Season
1997-98,19,LAL,NBA,SG,79,2056,18.5,0.548,0.241,0.501,4.5,8.7,6.7,16.0,1.8,1.3,12.4,27.2,4.5,1.8,6.3,0.147,1.9,-1.7,0.2,1.1,Kobe Bryant,Regular Season,19,LAL,NBA,SG,11,0,20.0,2.8,6.9,0.41,0.3,1.3,0.23,2.5,5.6,0.452,0.428,2.8,4.1,0.68,0.6,1.3,1.9,1.5,0.3,0.7,1.0,2.5,8.7,Playoffs
1997-98,19,LAL,NBA,SG,11,220,12.8,0.501,0.184,0.592,3.8,7.8,5.8,12.1,0.7,2.7,10.3,22.5,0.3,0.0,0.2,0.046,-3.0,-0.5,-3.5,-0.1,Kobe Bryant,Playoffs,19,LAL,NBA,SG,79,1,26.0,4.9,11.6,0.42,0.9,2.8,0.32,4.0,8.8,0.456,0.469,4.6,5.8,0.79,1.0,2.1,3.1,2.5,0.9,0.5,2.0,2.3,15.4,Regular Season
1997-98,19,LAL,NBA,SG,11,220,12.8,0.501,0.184,0.592,3.8,7.8,5.8,12.1,0.7,2.7,10.3,22.5,0.3,0.0,0.2,0.046,-3.0,-0.5,-3.5,-0.1,Kobe Bryant,Playoffs,19,LAL,NBA,SG,11,0,20.0,2.8,6.9,0.41,0.3,1.3,0.23,2.5,5.6,0.452,0.428,2.8,4.1,0.68,0.6,1.3,1.9,1.5,0.3,0.7,1.0,2.5,8.7,Playoffs
1998-99,20,LAL,NBA,SG,50,1896,18.9,0.549,0.13,0.375,3.3,12.7,8.1,17.5,2.0,1.9,14.7,25.3,3.7,1.5,5.2,0.13,2.0,0.3,2.3,2.1,Kobe Bryant,Regular Season,20,LAL,NBA,SG,50,50,37.9,7.2,15.6,0.46,0.5,2.0,0.25,6.7,13.6,0.494,0.482,4.9,5.8,0.84,1.1,4.2,5.3,3.8,1.4,1.0,3.1,3.1,19.9,Regular Season
1998-99,20,LAL,NBA,SG,50,1896,18.9,0.549,0.13,0.375,3.3,12.7,8.1,17.5,2.0,1.9,14.7,25.3,3.7,1.5,5.2,0.13,2.0,0.3,2.3,2.1,Kobe Bryant,Regular Season,20,LAL,NBA,SG,8,8,39.4,7.6,17.8,0.43,1.0,2.9,0.34,6.6,14.9,0.445,0.458,3.5,4.4,0.8,1.6,5.3,6.9,4.6,1.9,1.3,3.9,3.0,19.8,Playoffs
1998-99,20,LAL,NBA,SG,8,315,19.1,0.502,0.162,0.246,4.5,16.3,10.0,21.7,2.5,2.5,16.5,27.2,0.2,0.2,0.4,0.06,-0.2,3.4,3.3,0.4,Kobe Bryant,Playoffs,20,LAL,NBA,SG,50,50,37.9,7.2,15.6,0.46,0.5,2.0,0.25,6.7,13.6,0.494,0.482,4.9,5.8,0.84,1.1,4.2,5.3,3.8,1.4,1.0,3.1,3.1,19.9,Regular Season
1998-99,20,LAL,NBA,SG,8,315,19.1,0.502,0.162,0.246,4.5,16.3,10.0,21.7,2.5,2.5,16.5,27.2,0.2,0.2,0.4,0.06,-0.2,3.4,3.3,0.4,Kobe Bryant,Playoffs,20,LAL,NBA,SG,8,8,39.4,7.6,17.8,0.43,1.0,2.9,0.34,6.6,14.9,0.445,0.458,3.5,4.4,0.8,1.6,5.3,6.9,4.6,1.9,1.3,3.9,3.0,19.8,Playoffs
1999-00,21,LAL,NBA,SG,66,2524,21.7,0.546,0.122,0.341,4.6,12.9,8.8,22.4,2.2,1.7,11.8,26.8,6.1,4.5,10.6,0.202,3.6,1.7,5.3,4.7,Kobe Bryant,Regular Season,21,LAL,NBA,SG,66,62,38.2,8.4,17.9,0.47,0.7,2.2,0.32,7.7,15.7,0.489,0.488,5.0,6.1,0.82,1.6,4.7,6.3,4.9,1.6,0.9,2.8,3.3,22.5,Regular Season
1999-00,21,LAL,NBA,SG,66,2524,21.7,0.546,0.122,0.341,4.6,12.9,8.8,22.4,2.2,1.7,11.8,26.8,6.1,4.5,10.6,0.202,3.6,1.7,5.3,4.7,Kobe Bryant,Regular Season,21,LAL,NBA,SG,22,22,39.0,7.9,17.9,0.44,1.0,2.9,0.34,6.9,15.0,0.461,0.47,4.3,5.7,0.75,1.2,3.3,4.5,4.4,1.5,1.5,2.5,4.0,21.1,Playoffs
1999-00,21,LAL,NBA,SG,22,857,19.3,0.517,0.162,0.32,3.4,9.9,6.6,19.8,2.0,2.9,10.9,26.7,1.5,0.5,2.1,0.115,1.5,1.8,3.3,1.2,Kobe Bryant,Playoffs,21,LAL,NBA,SG,66,62,38.2,8.4,17.9,0.47,0.7,2.2,0.32,7.7,15.7,0.489,0.488,5.0,6.1,0.82,1.6,4.7,6.3,4.9,1.6,0.9,2.8,3.3,22.5,Regular Season
1999-00,21,LAL,NBA,SG,22,857,19.3,0.517,0.162,0.32,3.4,9.9,6.6,19.8,2.0,2.9,10.9,26.7,1.5,0.5,2.1,0.115,1.5,1.8,3.3,1.2,Kobe Bryant,Playoffs,21,LAL,NBA,SG,22,22,39.0,7.9,17.9,0.44,1.0,2.9,0.34,6.9,15.0,0.461,0.47,4.3,5.7,0.75,1.2,3.3,4.5,4.4,1.5,1.5,2.5,4.0,21.1,Playoffs
2000-01,22,LAL,NBA,SG,68,2783,24.5,0.552,0.132,0.369,4.3,11.8,8.1,23.0,2.1,1.1,11.1,31.8,9.2,2.2,11.3,0.196,5.3,-1.0,4.2,4.4,Kobe Bryant,Regular Season,22,LAL,NBA,SG,68,68,40.9,10.3,22.2,0.46,0.9,2.9,0.31,9.4,19.3,0.489,0.484,7.0,8.2,0.85,1.5,4.3,5.9,5.0,1.7,0.6,3.2,3.3,28.5,Regular Season
2000-01,22,LAL,NBA,SG,68,2783,24.5,0.552,0.132,0.369,4.3,11.8,8.1,23.0,2.1,1.1,11.1,31.8,9.2,2.2,11.3,0.196,5.3,-1.0,4.2,4.4,Kobe Bryant,Regular Season,22,LAL,NBA,SG,16,16,43.4,10.5,22.4,0.47,0.7,2.1,0.33,9.8,20.3,0.485,0.485,7.8,9.4,0.83,1.8,5.4,7.3,6.1,1.6,0.8,3.2,3.3,29.4,Playoffs
2000-01,22,LAL,NBA,SG,16,694,25.0,0.555,0.095,0.422,4.7,13.3,9.1,25.4,1.9,1.3,10.7,30.3,2.6,1.2,3.8,0.26,6.5,0.8,7.3,1.6,Kobe Bryant,Playoffs,22,LAL,NBA,SG,68,68,40.9,10.3,22.2,0.46,0.9,2.9,0.31,9.4,19.3,0.489,0.484,7.0,8.2,0.85,1.5,4.3,5.9,5.0,1.7,0.6,3.2,3.3,28.5,Regular Season
2000-01,22,LAL,NBA,SG,16,694,25.0,0.555,0.095,0.422,4.7,13.3,9.1,25.4,1.9,1.3,10.7,30.3,2.6,1.2,3.8,0.26,6.5,0.8,7.3,1.6,Kobe Bryant,Playoffs,22,LAL,NBA,SG,16,16,43.4,10.5,22.4,0.47,0.7,2.1,0.33,9.8,20.3,0.485,0.485,7.8,9.4,0.83,1.8,5.4,7.3,6.1,1.6,0.8,3.2,3.3,29.4,Playoffs
2001-02,23,LAL,NBA,SG,80,3063,23.2,0.544,0.083,0.369,4.1,11.7,7.9,25.9,2.0,0.8,10.7,30.4,8.9,3.8,12.7,0.199,4.4,0.1,4.4,5.0,Kobe Bryant,Regular Season,23,LAL,NBA,SG,80,80,38.3,9.4,20.0,0.47,0.4,1.7,0.24,9.0,18.3,0.489,0.479,6.1,7.4,0.82,1.4,4.1,5.5,5.5,1.5,0.4,2.8,2.9,25.2,Regular Season
2001-02,23,LAL,NBA,SG,80,3063,23.2,0.544,0.083,0.369,4.1,11.7,7.9,25.9,2.0,0.8,10.7,30.4,8.9,3.8,12.7,0.199,4.4,0.1,4.4,5.0,Kobe Bryant,Regular Season,23,LAL,NBA,SG,19,19,43.8,9.8,22.7,0.43,1.2,3.1,0.39,8.7,19.6,0.442,0.459,5.8,7.6,0.76,1.5,4.4,5.8,4.6,1.4,0.9,2.8,3.4,26.6,Playoffs
2001-02,23,LAL,NBA,SG,19,833,20.5,0.511,0.135,0.336,3.8,10.6,7.3,20.2,1.7,1.5,9.8,29.8,1.7,0.8,2.6,0.148,2.4,0.8,3.3,1.1,Kobe Bryant,Playoffs,23,LAL,NBA,SG,80,80,38.3,9.4,20.0,0.47,0.4,1.7,0.24,9.0,18.3,0.489,0.479,6.1,7.4,0.82,1.4,4.1,5.5,5.5,1.5,0.4,2.8,2.9,25.2,Regular Season
2001-02,23,LAL,NBA,SG,19,833,20.5,0.511,0.135,0.336,3.8,10.6,7.3,20.2,1.7,1.5,9.8,29.8,1.7,0.8,2.6,0.148,2.4,0.8,3.3,1.1,Kobe Bryant,Playoffs,23,LAL,NBA,SG,19,19,43.8,9.8,22.7,0.43,1.2,3.1,0.39,8.7,19.6,0.442,0.459,5.8,7.6,0.76,1.5,4.4,5.8,4.6,1.4,0.9,2.8,3.4,26.6,Playoffs
2002-03,24,LAL,NBA,SG,82,3401,26.2,0.55,0.168,0.371,3.5,15.3,9.3,27.2,2.8,1.4,11.4,32.9,11.0,4.0,14.9,0.21,6.1,0.3,6.4,7.1,Kobe Bryant,Regular Season,24,LAL,NBA,SG,82,82,41.5,10.6,23.5,0.45,1.5,4.0,0.38,9.1,19.5,0.465,0.483,7.3,8.7,0.84,1.3,5.6,6.9,5.9,2.2,0.8,3.5,2.7,30.0,Regular Season
2002-03,24,LAL,NBA,SG,82,3401,26.2,0.55,0.168,0.371,3.5,15.3,9.3,27.2,2.8,1.4,11.4,32.9,11.0,4.0,14.9,0.21,6.1,0.3,6.4,7.1,Kobe Bryant,Regular Season,24,LAL,NBA,SG,12,12,44.3,11.4,26.4,0.43,2.1,5.2,0.4,9.3,21.3,0.439,0.472,7.2,8.7,0.83,1.3,3.8,5.1,5.2,1.2,0.1,3.5,2.9,32.1,Playoffs
2002-03,24,LAL,NBA,SG,12,531,22.2,0.531,0.196,0.328,3.3,10.1,6.6,22.8,1.4,0.1,10.4,34.0,1.2,0.2,1.5,0.131,3.4,-1.1,2.3,0.6,Kobe Bryant,Playoffs,24,LAL,NBA,SG,82,82,41.5,10.6,23.5,0.45,1.5,4.0,0.38,9.1,19.5,0.465,0.483,7.3,8.7,0.84,1.3,5.6,6.9,5.9,2.2,0.8,3.5,2.7,30.0,Regular Season
2002-03,24,LAL,NBA,SG,12,531,22.2,0.531,0.196,0.328,3.3,10.1,6.6,22.8,1.4,0.1,10.4,34.0,1.2,0.2,1.5,0.131,3.4,-1.1,2.3,0.6,Kobe Bryant,Playoffs,24,LAL,NBA,SG,12,12,44.3,11.4,26.4,0.43,2.1,5.2,0.4,9.3,21.3,0.439,0.472,7.2,8.7,0.83,1.3,3.8,5.1,5.2,1.2,0.1,3.5,2.9,32.1,Playoffs
2003-04,25,LAL,NBA,SG,65,2447,23.7,0.551,0.184,0.452,4.7,12.0,8.3,24.4,2.4,0.8,10.8,29.1,7.8,3.0,10.7,0.21,5.5,0.2,5.7,4.7,Kobe Bryant,Regular Season,25,LAL,NBA,SG,65,64,37.6,7.9,18.1,0.44,1.1,3.3,0.33,6.8,14.8,0.463,0.468,7.0,8.2,0.85,1.6,3.9,5.5,5.1,1.7,0.4,2.6,2.7,24.0,Regular Season
2003-04,25,LAL,NBA,SG,65,2447,23.7,0.551,0.184,0.452,4.7,12.0,8.3,24.4,2.4,0.8,10.8,29.1,7.8,3.0,10.7,0.21,5.5,0.2,5.7,4.7,Kobe Bryant,Regular Season,25,LAL,NBA,SG,22,22,44.2,8.6,20.9,0.41,1.1,4.4,0.25,7.5,16.5,0.457,0.439,6.1,7.5,0.81,0.8,3.9,4.7,5.5,1.9,0.3,2.8,2.7,24.5,Playoffs
2003-04,25,LAL,NBA,SG,22,973,21.0,0.506,0.211,0.361,2.2,10.3,6.2,25.6,2.4,0.6,10.3,29.8,2.1,0.8,2.9,0.145,3.5,1.1,4.6,1.6,Kobe Bryant,Playoffs,25,LAL,NBA,SG,65,64,37.6,7.9,18.1,0.44,1.1,3.3,0.33,6.8,14.8,0.463,0.468,7.0,8.2,0.85,1.6,3.9,5.5,5.1,1.7,0.4,2.6,2.7,24.0,Regular Season
2003-04,25,LAL,NBA,SG,22,973,21.0,0.506,0.211,0.361,2.2,10.3,6.2,25.6,2.4,0.6,10.3,29.8,2.1,0.8,2.9,0.145,3.5,1.1,4.6,1.6,Kobe Bryant,Playoffs,25,LAL,NBA,SG,22,22,44.2,8.6,20.9,0.41,1.1,4.4,0.25,7.5,16.5,0.457,0.439,6.1,7.5,0.81,0.8,3.9,4.7,5.5,1.9,0.3,2.8,2.7,24.5,Playoffs
2004-05,26,LAL,NBA,SG,66,2689,23.3,0.563,0.292,0.502,4.0,12.4,8.2,28.5,1.7,1.4,14.3,31.7,7.1,1.0,8.1,0.145,5.6,-1.0,4.6,4.5,Kobe Bryant,Regular Season,26,LAL,NBA,SG,66,66,40.7,8.7,20.1,0.43,2.0,5.9,0.34,6.7,14.2,0.472,0.482,8.2,10.1,0.81,1.4,4.5,5.9,6.0,1.3,0.8,4.1,2.6,27.6,Regular Season
2005-06,27,LAL,NBA,SG,80,3277,28.0,0.559,0.238,0.377,2.6,12.7,7.6,24.1,2.4,0.7,9.0,38.7,11.6,3.7,15.3,0.224,7.3,-1.5,5.8,6.5,Kobe Bryant,Regular Season,27,LAL,NBA,SG,80,80,41.0,12.2,27.2,0.45,2.3,6.5,0.35,10.0,20.7,0.482,0.491,8.7,10.2,0.85,0.9,4.4,5.3,4.5,1.8,0.4,3.1,2.9,35.4,Regular Season
2005-06,27,LAL,NBA,SG,80,3277,28.0,0.559,0.238,0.377,2.6,12.7,7.6,24.1,2.4,0.7,9.0,38.7,11.6,3.7,15.3,0.224,7.3,-1.5,5.8,6.5,Kobe Bryant,Regular Season,27,LAL,NBA,SG,7,7,44.9,10.3,20.7,0.5,2.0,5.0,0.4,8.3,15.7,0.527,0.545,5.3,6.9,0.77,0.6,5.7,6.3,5.1,1.1,0.4,4.7,3.6,27.9,Playoffs
2005-06,27,LAL,NBA,SG,7,314,19.9,0.587,0.241,0.331,1.5,16.9,8.8,21.5,1.3,0.8,16.6,28.9,0.5,0.1,0.6,0.087,1.0,1.2,2.2,0.3,Kobe Bryant,Playoffs,27,LAL,NBA,SG,80,80,41.0,12.2,27.2,0.45,2.3,6.5,0.35,10.0,20.7,0.482,0.491,8.7,10.2,0.85,0.9,4.4,5.3,4.5,1.8,0.4,3.1,2.9,35.4,Regular Season
2005-06,27,LAL,NBA,SG,7,314,19.9,0.587,0.241,0.331,1.5,16.9,8.8,21.5,1.3,0.8,16.6,28.9,0.5,0.1,0.6,0.087,1.0,1.2,2.2,0.3,Kobe Bryant,Playoffs,27,LAL,NBA,SG,7,7,44.9,10.3,20.7,0.5,2.0,5.0,0.4,8.3,15.7,0.527,0.545,5.3,6.9,0.77,0.6,5.7,6.3,5.1,1.1,0.4,4.7,3.6,27.9,Playoffs
2006-07,28,LAL,NBA,SG,77,3140,26.1,0.58,0.227,0.437,2.8,13.5,8.2,25.5,1.8,0.9,10.9,33.6,10.8,2.2,13.0,0.199,6.1,-1.4,4.7,5.3,Kobe Bryant,Regular Season,28,LAL,NBA,SG,77,77,40.8,10.6,22.8,0.46,1.8,5.2,0.35,8.8,17.6,0.497,0.502,8.7,10.0,0.87,1.0,4.7,5.7,5.4,1.4,0.5,3.3,2.7,31.6,Regular Season
2006-07,28,LAL,NBA,SG,77,3140,26.1,0.58,0.227,0.437,2.8,13.5,8.2,25.5,1.8,0.9,10.9,33.6,10.8,2.2,13.0,0.199,6.1,-1.4,4.7,5.3,Kobe Bryant,Regular Season,28,LAL,NBA,SG,5,5,43.0,12.0,26.0,0.46,2.0,5.6,0.36,10.0,20.4,0.49,0.5,6.8,7.4,0.92,0.2,5.0,5.2,4.4,1.0,0.4,4.4,2.0,32.8,Playoffs
2006-07,28,LAL,NBA,SG,5,215,24.1,0.561,0.215,0.285,0.5,14.3,6.9,20.0,1.2,0.7,13.1,33.9,0.6,-0.1,0.5,0.121,2.0,1.1,3.1,0.3,Kobe Bryant,Playoffs,28,LAL,NBA,SG,77,77,40.8,10.6,22.8,0.46,1.8,5.2,0.35,8.8,17.6,0.497,0.502,8.7,10.0,0.87,1.0,4.7,5.7,5.4,1.4,0.5,3.3,2.7,31.6,Regular Season
2006-07,28,LAL,NBA,SG,5,215,24.1,0.561,0.215,0.285,0.5,14.3,6.9,20.0,1.2,0.7,13.1,33.9,0.6,-0.1,0.5,0.121,2.0,1.1,3.1,0.3,Kobe Bryant,Playoffs,28,LAL,NBA,SG,5,5,43.0,12.0,26.0,0.46,2.0,5.6,0.36,10.0,20.4,0.49,0.5,6.8,7.4,0.92,0.2,5.0,5.2,4.4,1.0,0.4,4.4,2.0,32.8,Playoffs
2007-08,29,LAL,NBA,SG,82,3192,24.2,0.576,0.246,0.439,3.4,14.1,9.0,23.9,2.4,0.9,11.3,31.4,9.5,4.3,13.8,0.208,5.1,0.3,5.4,6.0,Kobe Bryant,Regular Season,29,LAL,NBA,SG,82,82,38.9,9.5,20.6,0.46,1.8,5.1,0.35,7.6,15.5,0.49,0.503,7.6,9.0,0.84,1.1,5.2,6.3,5.4,1.8,0.5,3.1,2.8,28.3,Regular Season
2007-08,29,LAL,NBA,SG,82,3192,24.2,0.576,0.246,0.439,3.4,14.1,9.0,23.9,2.4,0.9,11.3,31.4,9.5,4.3,13.8,0.208,5.1,0.3,5.4,6.0,Kobe Bryant,Regular Season,29,LAL,NBA,SG,21,21,41.1,10.6,22.0,0.48,1.5,5.0,0.3,9.0,17.0,0.532,0.514,7.5,9.2,0.82,0.9,4.8,5.7,5.6,1.7,0.4,3.3,2.8,30.1,Playoffs
2007-08,29,LAL,NBA,SG,21,863,25.0,0.577,0.229,0.419,2.5,13.0,8.0,26.9,2.1,0.7,11.3,33.0,2.4,0.8,3.2,0.178,5.5,1.3,6.8,1.9,Kobe Bryant,Playoffs,29,LAL,NBA,SG,82,82,38.9,9.5,20.6,0.46,1.8,5.1,0.35,7.6,15.5,0.49,0.503,7.6,9.0,0.84,1.1,5.2,6.3,5.4,1.8,0.5,3.1,2.8,28.3,Regular Season
2007-08,29,LAL,NBA,SG,21,863,25.0,0.577,0.229,0.419,2.5,13.0,8.0,26.9,2.1,0.7,11.3,33.0,2.4,0.8,3.2,0.178,5.5,1.3,6.8,1.9,Kobe Bryant,Playoffs,29,LAL,NBA,SG,21,21,41.1,10.6,22.0,0.48,1.5,5.0,0.3,9.0,17.0,0.532,0.514,7.5,9.2,0.82,0.9,4.8,5.7,5.6,1.7,0.4,3.3,2.8,30.1,Playoffs
2008-09,30,LAL,NBA,SG,82,2960,24.4,0.561,0.196,0.329,3.5,12.8,8.2,23.8,2.1,1.0,9.7,32.2,8.6,4.0,12.7,0.206,4.8,-0.2,4.5,4.9,Kobe Bryant,Regular Season,30,LAL,NBA,SG,82,82,36.1,9.8,20.9,0.47,1.4,4.1,0.34,8.3,16.8,0.496,0.502,5.9,6.9,0.86,1.1,4.1,5.2,4.9,1.5,0.5,2.6,2.3,26.8,Regular Season
2008-09,30,LAL,NBA,SG,82,2960,24.4,0.561,0.196,0.329,3.5,12.8,8.2,23.8,2.1,1.0,9.7,32.2,8.6,4.0,12.7,0.206,4.8,-0.2,4.5,4.9,Kobe Bryant,Regular Season,30,LAL,NBA,SG,23,23,40.9,10.5,23.0,0.46,1.6,4.6,0.35,8.9,18.4,0.483,0.492,7.6,8.6,0.88,0.8,4.5,5.3,5.5,1.7,0.9,2.6,2.6,30.2,Playoffs
2008-09,30,LAL,NBA,SG,23,940,26.8,0.564,0.2,0.372,2.4,12.8,7.6,26.0,2.1,1.9,8.7,32.9,3.3,1.4,4.7,0.238,6.8,0.6,7.5,2.2,Kobe Bryant,Playoffs,30,LAL,NBA,SG,82,82,36.1,9.8,20.9,0.47,1.4,4.1,0.34,8.3,16.8,0.496,0.502,5.9,6.9,0.86,1.1,4.1,5.2,4.9,1.5,0.5,2.6,2.3,26.8,Regular Season
2008-09,30,LAL,NBA,SG,23,940,26.8,0.564,0.2,0.372,2.4,12.8,7.6,26.0,2.1,1.9,8.7,32.9,3.3,1.4,4.7,0.238,6.8,0.6,7.5,2.2,Kobe Bryant,Playoffs,30,LAL,NBA,SG,23,23,40.9,10.5,23.0,0.46,1.6,4.6,0.35,8.9,18.4,0.483,0.492,7.6,8.6,0.88,0.8,4.5,5.3,5.5,1.7,0.9,2.6,2.6,30.2,Playoffs
2009-10,31,LAL,NBA,SG,73,2835,21.9,0.545,0.192,0.345,3.1,12.2,7.7,23.8,2.1,0.5,11.4,32.3,5.4,4.0,9.4,0.16,3.6,-0.1,3.6,4.0,Kobe Bryant,Regular Season,31,LAL,NBA,SG,73,73,38.8,9.8,21.5,0.46,1.4,4.1,0.34,8.5,17.4,0.487,0.488,6.0,7.4,0.81,1.1,4.3,5.4,5.0,1.5,0.3,3.2,2.6,27.0,Regular Season
2009-10,31,LAL,NBA,SG,73,2835,21.9,0.545,0.192,0.345,3.1,12.2,7.7,23.8,2.1,0.5,11.4,32.3,5.4,4.0,9.4,0.16,3.6,-0.1,3.6,4.0,Kobe Bryant,Regular Season,31,LAL,NBA,SG,23,23,40.1,10.2,22.2,0.46,2.1,5.7,0.37,8.0,16.5,0.487,0.506,6.7,8.0,0.84,1.1,4.9,6.0,5.5,1.3,0.7,3.4,3.3,29.2,Playoffs
2009-10,31,LAL,NBA,SG,23,923,24.7,0.567,0.256,0.358,3.3,14.0,8.7,26.0,1.8,1.4,11.8,33.2,2.7,0.9,3.6,0.19,5.5,0.4,5.9,1.9,Kobe Bryant,Playoffs,31,LAL,NBA,SG,73,73,38.8,9.8,21.5,0.46,1.4,4.1,0.34,8.5,17.4,0.487,0.488,6.0,7.4,0.81,1.1,4.3,5.4,5.0,1.5,0.3,3.2,2.6,27.0,Regular Season
2009-10,31,LAL,NBA,SG,23,923,24.7,0.567,0.256,0.358,3.3,14.0,8.7,26.0,1.8,1.4,11.8,33.2,2.7,0.9,3.6,0.19,5.5,0.4,5.9,1.9,Kobe Bryant,Playoffs,31,LAL,NBA,SG,23,23,40.1,10.2,22.2,0.46,2.1,5.7,0.37,8.0,16.5,0.487,0.506,6.7,8.0,0.84,1.1,4.9,6.0,5.5,1.3,0.7,3.4,3.3,29.2,Playoffs
2010-11,32,LAL,NBA,SG,82,2779,23.9,0.548,0.217,0.356,3.5,13.3,8.5,26.7,1.9,0.3,11.4,35.1,6.8,3.5,10.3,0.178,4.7,-0.9,3.8,4.1,Kobe Bryant,Regular Season,32,LAL,NBA,SG,82,82,33.9,9.0,20.0,0.45,1.4,4.3,0.33,7.6,15.6,0.487,0.487,5.9,7.1,0.83,1.0,4.1,5.1,4.7,1.2,0.1,3.0,2.1,25.3,Regular Season
2010-11,32,LAL,NBA,SG,82,2779,23.9,0.548,0.217,0.356,3.5,13.3,8.5,26.7,1.9,0.3,11.4,35.1,6.8,3.5,10.3,0.178,4.7,-0.9,3.8,4.1,Kobe Bryant,Regular Season,32,LAL,NBA,SG,10,10,35.4,8.3,18.6,0.45,1.2,4.1,0.29,7.1,14.5,0.49,0.478,5.0,6.1,0.82,0.8,2.6,3.4,3.3,1.6,0.3,3.1,2.3,22.8,Playoffs
2010-11,32,LAL,NBA,SG,10,354,20.6,0.536,0.22,0.328,2.7,9.8,6.0,19.1,2.5,0.8,12.7,32.7,0.5,0.2,0.7,0.099,1.9,-0.8,1.1,0.3,Kobe Bryant,Playoffs,32,LAL,NBA,SG,82,82,33.9,9.0,20.0,0.45,1.4,4.3,0.33,7.6,15.6,0.487,0.487,5.9,7.1,0.83,1.0,4.1,5.1,4.7,1.2,0.1,3.0,2.1,25.3,Regular Season
2010-11,32,LAL,NBA,SG,10,354,20.6,0.536,0.22,0.328,2.7,9.8,6.0,19.1,2.5,0.8,12.7,32.7,0.5,0.2,0.7,0.099,1.9,-0.8,1.1,0.3,Kobe Bryant,Playoffs,32,LAL,NBA,SG,10,10,35.4,8.3,18.6,0.45,1.2,4.1,0.29,7.1,14.5,0.49,0.478,5.0,6.1,0.82,0.8,2.6,3.4,3.3,1.6,0.3,3.1,2.3,22.8,Playoffs
2011-12,33,LAL,NBA,SG,58,2232,21.9,0.527,0.215,0.338,3.5,11.8,7.8,23.7,1.6,0.6,11.7,35.7,4.2,2.0,6.2,0.132,3.6,-1.4,2.3,2.4,Kobe Bryant,Regular Season,33,LAL,NBA,SG,58,58,38.5,9.9,23.0,0.43,1.5,4.9,0.31,8.4,18.1,0.464,0.462,6.6,7.8,0.85,1.1,4.3,5.4,4.6,1.2,0.3,3.5,1.8,27.9,Regular Season
2011-12,33,LAL,NBA,SG,58,2232,21.9,0.527,0.215,0.338,3.5,11.8,7.8,23.7,1.6,0.6,11.7,35.7,4.2,2.0,6.2,0.132,3.6,-1.4,2.3,2.4,Kobe Bryant,Regular Season,33,LAL,NBA,SG,12,12,39.7,11.0,25.1,0.44,1.4,5.0,0.28,9.6,20.1,0.477,0.467,6.6,7.9,0.84,1.3,3.5,4.8,4.3,1.3,0.2,2.8,2.8,30.0,Playoffs
2011-12,33,LAL,NBA,SG,12,476,24.4,0.525,0.199,0.316,3.5,9.6,6.5,24.0,1.8,0.3,9.0,35.8,1.4,0.0,1.4,0.143,4.7,-0.9,3.8,0.7,Kobe Bryant,Playoffs,33,LAL,NBA,SG,58,58,38.5,9.9,23.0,0.43,1.5,4.9,0.31,8.4,18.1,0.464,0.462,6.6,7.8,0.85,1.1,4.3,5.4,4.6,1.2,0.3,3.5,1.8,27.9,Regular Season
2011-12,33,LAL,NBA,SG,12,476,24.4,0.525,0.199,0.316,3.5,9.6,6.5,24.0,1.8,0.3,9.0,35.8,1.4,0.0,1.4,0.143,4.7,-0.9,3.8,0.7,Kobe Bryant,Playoffs,33,LAL,NBA,SG,12,12,39.7,11.0,25.1,0.44,1.4,5.0,0.28,9.6,20.1,0.477,0.467,6.6,7.9,0.84,1.3,3.5,4.8,4.3,1.3,0.2,2.8,2.8,30.0,Playoffs
2012-13,34,LAL,NBA,SG,78,3013,23.0,0.57,0.255,0.392,2.5,13.1,7.9,29.7,1.8,0.6,13.3,31.9,8.4,2.6,10.9,0.174,5.2,-0.5,4.7,5.1,Kobe Bryant,Regular Season,34,LAL,NBA,SG,78,78,38.6,9.5,20.4,0.47,1.7,5.2,0.33,7.8,15.2,0.51,0.504,6.7,8.0,0.84,0.8,4.7,5.6,6.0,1.4,0.3,3.7,2.2,27.3,Regular Season
2013-14,35,LAL,NBA,SG,6,177,10.7,0.505,0.219,0.288,1.2,14.5,7.8,34.6,1.9,0.4,29.2,28.7,-0.5,0.1,-0.4,-97.0,-4.7,-1.3,-5.9,-0.2,Kobe Bryant,Regular Season,35,LAL,NBA,SG,6,6,29.5,5.2,12.2,0.43,0.5,2.7,0.19,4.7,9.5,0.491,0.445,3.0,3.5,0.86,0.3,4.0,4.3,6.3,1.2,0.2,5.7,1.5,13.8,Regular Season
2014-15,36,LAL,NBA,SG,35,1207,17.6,0.477,0.258,0.338,2.3,16.5,9.1,29.9,2.0,0.5,13.5,34.9,-0.4,0.6,0.2,0.006,1.6,-1.3,0.3,0.7,Kobe Bryant,Regular Season,36,LAL,NBA,SG,35,35,34.5,7.6,20.4,0.37,1.5,5.3,0.28,6.1,15.1,0.401,0.411,5.6,6.9,0.81,0.7,4.9,5.7,5.6,1.3,0.2,3.7,1.9,22.3,Regular Season
2015-16,37,LAL,NBA,SF,66,1863,14.9,0.469,0.42,0.252,2.3,12.3,7.1,19.1,1.7,0.5,9.4,32.2,-0.9,0.5,-0.4,-10.0,0.8,-3.3,-2.5,-0.2,Kobe Bryant,Regular Season,37,LAL,NBA,SF,66,66,28.2,6.0,16.9,0.36,2.0,7.1,0.28,4.0,9.8,0.41,0.417,3.5,4.3,0.81,0.6,3.1,3.7,2.8,0.9,0.2,2.0,1.7,17.6,Regular Season
